{
  "accuracy": 0.8516678495386799,
  "precision": 0.8686440677966102,
  "recall": 0.5352480417754569,
  "f1": 0.6623586429725363,
  "roc_auc": 0.91318156138824
}